DS55,D261
DS466,D349
DS432,D480
DS16,D486
DS113,D351
DS308,D390
DS57,D11
DS27,D376
DS296,D131
DS177,D106
DS194,D249
DS304,D487
DS210,D496
DS41,D113
DS294,D150
DS55,D393
DS466,D103
DS432,D301
DS16,D100
DS113,D217
DS308,D296
DS57,D262
DS27,D108
DS296,D2
DS177,D339
DS194,D25
DS304,D85
DS210,D322
DS41,D230
DS294,D365
DS55,D219
DS466,D468
DS432,D89
DS16,D140
DS113,D121
DS308,D163
DS57,D60
DS27,D304
DS296,D354
DS177,D128
DS194,D88
DS304,D221
DS210,D300
DS41,D237
DS294,D82
DS55,D197
DS466,D49
DS432,D272
DS16,D114
DS113,D254
DS308,D412
DS57,D281
DS27,D185
DS296,D280
DS177,D418
DS194,D430
DS304,D233
DS210,D71
DS41,D438
DS294,D251
DS55,D405
DS466,D175
DS432,D311
DS16,D469
DS113,D361
DS308,D424
DS57,D404
DS27,D50
DS296,D385
DS177,D463
DS194,D360
DS304,D39
DS210,D368
DS41,D268
DS294,D341
DS55,D162
DS466,D386
DS432,D216
DS16,D494
DS113,D319
DS308,D323
DS57,D308
DS27,D275
DS296,D117
DS177,D399
DS194,D72
DS304,D347
DS210,D394
DS41,D247
DS294,D190
DS55,D457
DS466,D62
DS432,D256
DS16,D138
DS113,D434
DS308,D94
DS57,D356
DS27,D452
DS296,D297
DS177,D200
DS194,D70
DS304,D201
DS210,D391
DS41,D388
DS294,D83
DS55,D104
DS466,D135
DS432,D271
DS16,D499
DS113,D431
DS308,D295
DS57,D371
DS27,D451
DS296,D30
DS177,D380
DS194,D353
DS304,D246
DS210,D8
DS41,D195
DS294,D144
DS55,D211
DS466,D241
DS432,D344
DS16,D309
DS113,D498
DS308,D146
DS57,D226
DS27,D32
DS296,D352
DS177,D19
DS194,D292
DS304,D35
DS210,D485
DS41,D466
DS294,D284
DS55,D16
DS466,D462
DS432,D307
DS16,D110
DS113,D198
DS308,D193
DS57,D152
DS27,D132
DS296,D228
DS177,D181
DS194,D58
DS304,D348
DS210,D40
DS41,D435
DS294,D282
DS55,D136
DS466,D207
DS432,D209
DS16,D440
DS113,D387
DS308,D93
DS57,D250
DS27,D189
DS296,D336
DS177,D176
DS194,D3
DS304,D473
DS210,D288
DS41,D483
DS294,D180
DS55,D439
DS466,D454
DS432,D155
DS16,D151
DS113,D260
DS308,D474
DS57,D274
DS27,D43
DS296,D48
DS177,D76
DS194,D337
DS304,D239
DS210,D343
DS41,D441
DS294,D188
DS55,D355
DS466,D335
DS432,D373
DS16,D145
DS113,D455
DS308,D432
DS57,D302
DS27,D166
DS296,D384
DS177,D115
DS194,D61
DS304,D252
DS210,D23
DS41,D28
DS294,D294
DS55,D333
DS466,D220
DS432,D208
DS16,D255
DS113,D283
DS308,D411
DS57,D186
DS27,D377
DS296,D334
DS177,D73
DS194,D149
DS304,D225
DS210,D87
DS41,D267
DS294,D328
DS55,D428
DS466,D168
DS432,D448
DS16,D242
DS113,D192
DS308,D214
DS57,D170
DS27,D227
DS296,D500
DS177,D229
DS194,D178
DS304,D397
DS210,D79
DS41,D133
DS294,D65
DS55,D401
DS466,D392
DS432,D203
DS16,D475
DS113,D367
DS308,D36
DS57,D134
DS27,D456
DS296,D492
DS177,D489
DS194,D1
DS304,D111
DS210,D202
DS41,D12
DS294,D421
DS55,D266
DS466,D37
DS432,D449
DS16,D458
DS113,D338
DS308,D340
DS57,D13
DS27,D29
DS296,D169
DS177,D364
DS194,D259
DS304,D471
DS210,D204
DS41,D44
DS294,D232
DS55,D442
DS466,D234
DS432,D174
DS16,D407
DS113,D270
DS308,D54
DS57,D90
DS27,D18
DS296,D231
DS177,D105
DS194,D38
DS304,D122
DS210,D187
DS41,D75
DS294,D291
DS55,D472
DS466,D310
DS432,D0
DS16,D446
DS113,D127
DS308,D406
DS57,D330
DS27,D205
DS296,D119
DS177,D277
DS194,D269
DS304,D15
DS210,D34
DS41,D443
DS294,D327
DS55,D244
DS466,D153
DS432,D53
DS16,D212
DS113,D165
DS308,D410
DS57,D172
DS27,D159
DS296,D398
DS177,D222
DS194,D156
DS304,D415
DS210,D467
DS41,D141
DS294,D68
DS55,D184
DS466,D477
DS432,D63
DS16,D9
DS113,D6
DS308,D375
DS57,D55
DS27,D470
DS296,D482
DS177,D24
DS194,D143
DS304,D293
DS210,D413
DS41,D173
DS294,D350
DS55,D46
DS466,D263
DS432,D10
DS16,D414
DS113,D379
DS308,D80
DS57,D51
DS27,D126
DS296,D47
DS177,D362
DS194,D497
