S0,329284,2017,9,8,D261,pTPvcH8AuR1teLm7A
S1,105576,2012,2,2,D349,5bXwko9LhONkgxVam
S2,418555,2008,10,26,D480,8IDxvcDs0ObTGNytP
S3,252846,2004,10,18,D486,n4rYkMYUIa28JWO6X
S4,408971,2010,4,5,D351,Em0XGNzFadaCzZiAV
S5,49973,2005,8,1,D390,SWTZ53WHoEK3sNyiH
S6,60327,2013,5,12,D11,0nUnjaeGp3XIEW9Tm
S7,10630,2017,1,9,D376,Sj5V0cjyLHYnChjjG
S8,146839,2008,3,31,D131,tjQCQbvsd3r0Va40E
S9,129387,2009,7,19,D106,KKXX7y9Hz9vAZZWN2
S10,163637,2017,3,2,D249,o5Cvjxtu3lonqRA5I
S11,200513,2001,5,23,D487,hcAqeyRtjrTJjDna2
S12,496425,2007,3,19,D496,8XewGkGqUV8Nzjut3
S13,440498,2019,12,13,D113,ieQDnxWrUnmxavAVC
S14,79590,2020,1,7,D150,Vp5yq1i0RM0zy2LOr
S15,90379,2009,4,9,D393,b55QiGFNV11IXtwpS
S16,373193,2000,5,3,D103,gXA0fA2utmYHFUbZl
S17,457257,2016,8,20,D301,zC6qWbMFtImUn30QW
S18,325851,2013,12,24,D100,vrkRZkC9YS0azF9CM
S19,352925,2006,6,20,D217,39X5z3WdbsZOfYgw1
S20,3396,2010,5,18,D296,r861anF6Ugsq9G8lf
S21,55264,2017,1,11,D262,v10W0LXnARGyTREB9
S22,290375,2018,2,6,D108,DtvJpla6cpcLvnvh2
S23,163075,2006,6,15,D2,gdpO4TXvtaipG4eZk
S24,29678,2018,11,6,D339,uTzA8GNfoexXwgFSZ
S25,232095,2006,12,11,D25,jRqZGhTC2cNvsjQuf
S26,267828,2017,12,2,D85,yKOm5TqT7VJekdW7H
S27,373073,2006,9,9,D322,VME4GOOKwfdFI1SxF
S28,406651,2010,8,6,D230,xBInUYoLMBpht22jj
S29,140960,2005,1,16,D365,nfVCB3l4Ra0ccEThd
S30,258504,2015,3,25,D219,BLQxtgb2uJzjUvolp
S31,403612,2001,7,5,D468,aa7WrsvqLVxE7rSZp
S32,481915,2003,1,1,D89,5TtC8LjpvOjbWH9K3
S33,164275,2002,11,19,D140,u0bkjnbKbT3od4ZS8
S34,463862,2005,12,11,D121,lkBzu7fBc2u1yjhCd
S35,101398,2006,9,31,D163,CJssdWF261dGvwIjG
S36,239826,2000,6,15,D60,QWwRQV094KewWWIeR
S37,438434,2017,1,31,D304,fEOSxKSzlPd96dcPo
S38,10094,2003,3,23,D354,IUJ6Avc1goO33eR2T
S39,372518,2009,10,10,D128,mnqS4l2V0TP4eIEuw
S40,456357,2006,6,12,D88,O3VggXD6j3HeqH3Lk
S41,117152,2007,5,12,D221,Kh84MelL1vHU8MTin
S42,162897,2018,8,21,D300,yrLDOZ94HeKG7Akhk
S43,255073,2000,8,18,D237,mTfT6MQGt4jvUJtuj
S44,229932,2002,11,14,D82,eIyQffj30ulpRiMiW
S45,299950,2017,3,14,D197,A30SMvReLeB3AuLY6
S46,338062,2013,6,2,D49,R3DNDZ36S96jnr5Jn
S47,463610,2006,7,19,D272,R3CgouY5ByO3UNcUS
S48,239215,2006,11,15,D114,iDgGb81j1SWwQ5u25
S49,187059,2016,11,29,D254,fUDKFNDEaXA6x08kE
S50,221393,2006,3,21,D412,YmGHCFQpg5UnOumnL
S51,226347,2015,9,5,D281,cNsXZr05PSyiuE0pq
S52,339597,2019,2,28,D185,F704h0PcubUmJ1COE
S53,128889,2002,12,9,D280,czjLgoHF5jM5d3cz6
S54,126953,2003,3,15,D418,d9Cvn99HuBDhO3EZR
S55,411580,2004,6,4,D430,yH2ThOz23vFZmYwqS
S56,269478,2012,12,11,D233,kT9NCGWSZ9T8wlVMo
S57,280807,2019,4,24,D71,xJtctnTJ5khzvARbF
S58,273429,2005,10,27,D438,6bLxuT6tvUjgIa4Qp
S59,236095,2017,9,10,D251,9e9S935RnutVBp9Dx
S60,112541,2001,9,21,D405,INaqY3oFNiHqTPahs
S61,361736,2002,1,16,D175,RxVHGHzo0UomFuFWW
S62,489043,2007,6,25,D311,ehSLXjPU5Q8ZICQAL
S63,231546,2011,9,9,D469,Q7ao2mabHsn1PpEko
S64,498333,2015,7,23,D361,kU5ZUjBlbrEYZ0Gsd
S65,304600,2020,9,8,D424,ndlBidZtfuPTn8OA1
S66,185668,2003,10,7,D404,t3PNh59vJ7bLUEwLr
S67,229047,2016,12,10,D50,MeNq1FVJ3NXeCj8rl
S68,175928,2007,12,10,D385,bwO1LBN9Ly35P3Rso
S69,373026,2018,7,11,D463,9u7qKAb8VHVSxYafz
S70,406000,2005,8,27,D360,YK0e66oZcNpbozTQN
S71,126685,2012,8,9,D39,mPJ8lZK6k9CRaDmBS
S72,258442,2011,7,21,D368,iaMU69cwZ1nHJMxux
S73,76200,2014,5,31,D268,ab73sgHQHvcqNos6i
S74,398821,2014,10,23,D341,E9CKd2Dx6MaeJjDBD
S75,411745,2017,8,14,D162,RiCGqcAXT4V7TZkwn
S76,196558,2019,4,27,D386,v93QVAy6RX8mu8CNA
S77,282885,2019,3,29,D216,NksDZhycFcGOSEvx3
S78,309411,2008,8,2,D494,tLotNU9DI6sIaxVHd
S79,349810,2004,7,9,D319,irtzRp6rLlcq6j32f
S80,441723,2004,8,14,D323,LZlksinOGxkF3UqSN
S81,352464,2015,12,7,D308,zAiatnDwaE76qvhFI
S82,493790,2018,12,29,D275,0864chdi3ufXbOWZA
S83,316929,2002,5,30,D117,CDDTbnVlxSJFsmtcl
S84,113739,2000,10,18,D399,S8AtA5GOSJpKa3BU9
S85,263111,2010,3,15,D72,Eethx7ySTC5RjeViS
S86,76184,2009,9,8,D347,cJJS3sLPMmjOxq38S
S87,299760,2001,4,3,D394,T4iO7kgxqTBvNQh3Z
S88,177824,2009,12,11,D247,pNIhd8NUnlkjbWTMc
S89,141194,2018,3,1,D190,FfGzsXPLBPAVckxsL
S90,113381,2013,5,7,D457,JgFqY0VlrAgBi32Gw
S91,44297,2015,6,14,D62,M94QKCeajHU1d5NSN
S92,153581,2016,7,21,D256,QBtr5HVqd1baR8xXy
S93,37328,2005,2,15,D138,oVvZNJ1Vptpc7Tho4
S94,262874,2005,11,26,D434,01uAJIpVJlKTspJAt
S95,167657,2011,3,12,D94,UVVBEpRLc45A3KoaX
S96,237471,2000,9,17,D356,LwVTLMboygTH7scrv
S97,450017,2009,12,9,D452,GrIGpfe5nDrjG1hjR
S98,199289,2016,4,19,D297,3Kh7v3XnIil3xayeo
S99,64696,2006,2,5,D200,FmXXdkhxZ8tmkn2q1
S100,456269,2014,12,17,D70,Ab3mKD6iO2k2AmzIw
S101,186363,2008,3,28,D201,G8skQU2qBOoI3u5uv
S102,246148,2003,7,11,D391,6vQRSTtx7PQaE1L5m
S103,165703,2003,5,26,D388,NMl32bVm6Uhve6pos
S104,374187,2004,3,1,D83,pQEcjgrQvNO0GUWmu
S105,59755,2005,3,2,D104,k1vtAS6iEGRFyiPGv
S106,362559,2019,5,13,D135,tOU0BQutrLXPHj8ID
S107,321010,2000,12,19,D271,DXiCjlBxE39ysV6TK
S108,142189,2011,10,8,D499,jIKKwWaYCJfUX0Djp
S109,79871,2010,4,22,D431,6ohH4eJXDP94nZs80
S110,29471,2012,7,16,D295,ERY5Lzq3K9YRU2Xbq
S111,406066,2007,3,25,D371,9IrUX3G9VDXm4uiWA
S112,326571,2016,6,9,D451,YmqI4KHuvBHlaik9c
S113,216054,2020,4,6,D30,XmmKkFDxS3z4rIq3i
S114,7806,2010,1,30,D380,mmoD7EHaWvGvumu8d
S115,119086,2001,4,16,D353,8juRnlhHJLGcs6ccb
S116,368668,2010,12,8,D246,E70rMK057VgLStmb7
S117,481813,2014,5,18,D8,pXv9NpfTBtDBCKySC
S118,186974,2017,5,3,D195,JBsXEle750W4LqWuu
S119,28037,2020,8,16,D144,aV2q99aWWWpL2MZ1K
S120,166141,2018,10,25,D211,YAejuMn4JfF0Rbefx
S121,40249,2014,9,30,D241,oOTKolChHt3TqqPwz
S122,252579,2000,10,22,D344,tpaXlmPT1Cm4uzR7G
S123,267754,2017,11,31,D309,w8oWBDISAqVxW0yl6
S124,287953,2013,10,18,D498,TAeDsDKp4EuaTd4pB
S125,56476,2003,3,1,D146,dXscSLFfz2ptx7GuK
S126,107550,2016,8,4,D226,bYJRb4iaKXU7cqHJp
S127,369084,2003,7,4,D32,7nWhOYeCYNXdI8DLL
S128,483210,2006,7,20,D352,N2JK1HUPQxVOuwakd
S129,280943,2013,1,16,D19,melUDgWpUEdrMjxvq
S130,171197,2017,10,18,D292,15mGiLcLFrNJOkbOO
S131,366199,2020,11,10,D35,VGkRNY2aJvTwGJ9yy
S132,475073,2005,6,3,D485,FGUDkLf9LGZ6cumER
S133,478005,2016,8,16,D466,kQyHTU5oWmYAlb7UJ
S134,144310,2003,11,22,D284,Bg5clJ4vl31Q78I46
S135,48033,2003,7,22,D16,lrjuXeG2elzc2PAo2
S136,286136,2006,5,11,D462,PtwTrQvjQD38ojSlF
S137,153767,2020,7,29,D307,tnpSB2CCnFsIZhAGf
S138,383577,2017,2,20,D110,5sb9c3FMIBoPZCUni
S139,97234,2002,9,25,D198,SSAGHr023k2VtWsft
S140,222980,2006,2,31,D193,Hkd7eafZUuJkwGXD9
S141,168536,2014,12,27,D152,YYU3XoBx5PLrKk1Kt
S142,99436,2016,7,10,D132,m5NIqlrt6T62KfuF1
S143,4946,2009,10,5,D228,LpTMHi7iX5r1n4SI2
S144,369848,2002,5,19,D181,gAkl7DiUnDmz3OfNz
S145,187642,2003,3,28,D58,w4zl74ZP86IJ5AxFg
S146,425068,2001,12,22,D348,Bi0nyxCtUQMdc3ikR
S147,402120,2000,1,6,D40,f7EyK7DPrx3un30Nk
S148,206655,2013,5,23,D435,r9fFqoIfBtDWNsWIm
S149,47761,2002,1,22,D282,k7L2UbYPokIyJOuIV
S150,378682,2001,5,12,D136,Rp6bhk7O1DSJlCwRp
S151,191536,2012,10,14,D207,XtNGaNa06hL2qrKLX
S152,263609,2004,9,25,D209,BRcefRG42NoYyw4AT
S153,60388,2009,8,16,D440,1bLTnni4uwkcNZHE0
S154,361380,2006,1,26,D387,turgWV90zKhGD3Z0A
S155,45109,2016,2,28,D93,JdN9au6vPw6MUv6s6
S156,216656,2005,1,12,D250,lsOovBrWoIzmuJdqO
S157,399941,2012,5,24,D189,dfZsRUVp0kuGrcTr0
S158,292744,2014,7,26,D336,nznV8R283sR9R14x3
S159,384369,2005,3,21,D176,9JeMKTu8UcfuX5Rmu
S160,301241,2008,9,3,D3,rDJIO7ZBzF04FjhgI
S161,104342,2010,3,2,D473,Zk5SJGdMMAU3rNeiq
S162,489521,2005,12,3,D288,BKDCANlcWPQnvnuTR
S163,474432,2005,11,27,D483,Fi3dB4JijWDMREmm0
S164,208381,2012,8,31,D180,jEfLtaCQP1TzgbmWb
S165,190637,2011,7,9,D439,ORJRbk8dIRrnkc6xk
S166,211504,2014,1,3,D454,tlxgFdCJm9LvPjs2u
S167,341432,2007,6,6,D155,4x2HTYK6qQH1SjbLr
S168,444989,2011,8,31,D151,FasSbuA1sDWgcvZLA
S169,153488,2001,3,2,D260,E4p56Gb0TxZvWsZR9
S170,302406,2019,8,24,D474,OHR2KSTFMz13lxBs9
S171,248868,2002,3,23,D274,wpGEASDtjetqT1tgW
S172,452155,2001,4,28,D43,jvMPZNpH9brCrlxkg
S173,86759,2008,10,18,D48,64hu7uVYQbuWx6Bmv
S174,244167,2018,1,13,D76,m9F3qvTbYgKxlgBVb
S175,297783,2015,3,16,D337,6fjyufiDSLAizt5xM
S176,321764,2016,12,3,D239,C9KXmo2XRSe7kjLSi
S177,267246,2014,2,22,D343,IDHKGdi8nlkNThCEY
S178,319962,2011,4,30,D441,26vpOcE65k5JKb4mf
S179,323063,2014,8,16,D188,JJKvob1Q9Ag6zpQbQ
S180,10303,2020,1,5,D355,PTXvY0zBdO6ov9FBW
S181,408721,2005,4,30,D335,Ao3g7V6uNVGlU4ugj
S182,361097,2011,9,16,D373,GCBodPw5q6ckTiaRt
S183,488906,2002,1,26,D145,YDNaG0FZp40ouoEFu
S184,348673,2017,9,25,D455,3MKpUM9AvHvbBPTEJ
S185,91877,2009,1,14,D432,0wcXgpAG6Sxenlvy5
S186,313775,2020,10,3,D302,BDxBdQM4B0zUzq5jY
S187,470411,2005,10,13,D166,3kba90GaOhVWMn8YS
S188,222823,2008,8,23,D384,kXG30EZuvRsA0vEh4
S189,102924,2008,1,18,D115,4P6WTsxrJmqYZxwW1
S190,482195,2015,4,21,D61,AxfrmHk4Ufn9zdtZ6
S191,210510,2017,3,17,D252,tZo4EEOf2fRtYLUE1
S192,165643,2002,6,20,D23,lRrgQn7Z5i4u1D5KA
S193,377636,2018,10,11,D28,8g26dMgJo3WwBuneg
S194,373165,2009,4,12,D294,8APAzPLXkcE6FObmK
S195,216725,2011,12,2,D333,AKYMycQwKWpMMXAyz
S196,237443,2009,1,9,D220,nkjgNoiPVvg1TKmTZ
S197,200167,2012,9,23,D208,zoRAP1JIWgHVmim2M
S198,137847,2008,5,29,D255,Mu4zTt3uh5dzrcc1A
S199,324837,2008,5,9,D283,3pDzYa7OcZs4V6E5X
S200,19641,2007,10,20,D411,F8iRLT1Gdg4qqZLNj
S201,153141,2009,1,12,D186,m9xPElK4v606Anx1Y
S202,48574,2004,2,18,D377,KcYigFJVJ4xLsjtrc
S203,170589,2017,4,30,D334,1acVwEWMC8WwuAh2v
S204,78444,2003,3,7,D73,qqxJ9NjCabFZ2Oohp
S205,479334,2001,1,7,D149,JbIuqa3UW0RBSRrdw
S206,336155,2015,5,12,D225,Q3hWQsgaDS6M5Lb4H
S207,262777,2012,7,25,D87,sbSVl3kqE7TcIEVon
S208,416566,2005,7,9,D267,YymbvmaSvt1qdsWkr
S209,73023,2008,1,23,D328,5gkdEgmD7ghPq0UQK
S210,496790,2002,3,24,D428,JKFeGBBgBAekO5NLy
S211,321303,2016,1,1,D168,T8Dk5Yf7hD0ND9GlO
S212,308375,2001,9,28,D448,4tgIHXVZAsuGBggQv
S213,14173,2020,7,11,D242,zPnSCvzywiuLzGTeE
S214,164701,2011,12,16,D192,9v7TRoisQHsIfzzDT
S215,38751,2010,6,13,D214,5ElFevj2V0SOp4Qg4
S216,472134,2003,2,28,D170,nnMs3Mu1BLghzbZMI
S217,85614,2005,6,28,D227,9Zq3KnqvrFNvOCAJV
S218,364978,2000,4,11,D500,Ah3QV2MZjrtBg81El
S219,303410,2015,12,3,D229,n88mGlaRTWkbnvmF5
S220,296948,2020,9,14,D178,G1FqyXF3xvUZx0lqH
S221,53432,2010,4,1,D397,fZIdiLVpDaj2hKRob
S222,461472,2002,4,18,D79,Y2QbYOkRXFeSHa5RO
S223,192856,2005,10,4,D133,GEqCCD5MRFLNRUfSo
S224,353486,2010,12,31,D65,3ENKTlgOMx5T0XGka
S225,497888,2006,9,26,D401,juVUylG3g9YPDSSQd
S226,285099,2001,6,25,D392,zI0iqyXPHCN6ns8yR
S227,172463,2004,12,17,D203,zMx6pFF2wSDlVaoqd
S228,157493,2009,3,21,D475,SIVIL4hrwzLV4Pe4W
S229,360572,2012,11,21,D367,41EulcD1JM0jLX9yX
S230,5998,2001,5,5,D36,zG2ZAqyCSClIgFrQq
S231,200011,2016,3,21,D134,SLGiOr3a6ED0N0lVp
S232,382424,2012,1,23,D456,HKc7Dcn211SOMGs9I
S233,343266,2003,11,13,D492,iDFjfr2b2urWxakaf
S234,229405,2005,5,22,D489,wrjCzoBqb49vxEMyg
S235,290374,2020,10,11,D1,vYByMx0VPc9nJyual
S236,97059,2006,4,30,D111,eHXxaAo2MBvey22DY
S237,224265,2000,8,27,D202,okLKaNy8sPUuK1PDo
S238,87589,2020,2,17,D12,KaIpPCSryZLJIG66W
S239,300893,2017,5,30,D421,vBBpAlh9Mwx2C70M8
S240,400571,2014,12,9,D266,AjeELeM9GKN30mj6y
S241,171356,2016,9,18,D37,Q6xQqV3VEt35RW3hs
S242,361877,2011,4,5,D449,4Fn7f9QL3aMnmnRqB
S243,236095,2000,12,21,D458,jMGU3l7BTs5rp29ij
S244,4557,2020,4,29,D338,wxDepIHWOWefhvlCc
S245,156845,2000,5,29,D340,QKaKXHH2BLL9jIkjO
S246,499870,2009,1,26,D13,o3IMMsVdL57zlHTdj
S247,476351,2002,7,30,D29,FzgiN4PlS0Dp23tst
S248,471777,2007,7,15,D169,cfDN9nGLuTNB947C1
S249,447326,2009,3,16,D364,yHaZ1EEkzNC3jFSZr
S250,243421,2006,12,18,D259,FGUkzRtWA2OlE8BlI
S251,154757,2016,2,21,D471,sgPb7OSB3tnNhPbGt
S252,292463,2020,7,18,D204,tCVI9VKopqRyJ4NzR
S253,266206,2017,9,24,D44,S1cfHnYC8RYutmVOy
S254,488175,2018,3,31,D232,nEgbp7kEKsvNcCkRA
S255,276919,2002,7,24,D442,dxsIFJFFHCLhlis5b
S256,107506,2017,2,6,D234,XOjvt9RjRO81onRwD
S257,313738,2005,8,31,D174,6XIVzSKlRiUY0IChv
S258,212514,2019,4,23,D407,EHT7ijIyt48wUQ4F0
S259,212815,2017,5,7,D270,6x8GjIiZwbHiBwYw3
S260,81388,2001,1,8,D54,9ySpQxRyqYJrPUSxX
S261,38713,2012,2,1,D90,IWETXAl2iaPzqMP30
S262,256226,2011,2,12,D18,0YZKCUPHQt8xurwUb
S263,227464,2001,11,10,D231,Ssnr3ElpNKVMfwjMz
S264,454958,2013,2,5,D105,6AqGUhiJeXPyAYMM1
S265,19499,2004,11,5,D38,Va1lSAkwcsu23EUuu
S266,466142,2001,10,22,D122,jiqNV5pdYMBpLMsOE
S267,189431,2013,3,24,D187,ohi0T5Q1rpwU77bAZ
S268,229204,2001,7,22,D75,kAqQyIwtT4QGn1mmg
S269,258849,2006,3,25,D291,9y79GR3K3HeufkMNi
S270,36490,2004,10,23,D472,t9TKmlB7eGi3SbB2U
S271,144211,2017,10,8,D310,sXlIIcW81Zb8GLe2l
S272,358583,2017,5,24,D0,0NLi3f02gqlEVk1hj
S273,322332,2006,3,11,D446,QNlSb95FmyxhhrhaP
S274,76165,2004,6,24,D127,D1SoOleOow2l04aWX
S275,145017,2013,5,12,D406,jxocPImK9dRSSTUJ7
S276,327475,2010,7,1,D330,O5sz0olYDCW8Pzbkc
S277,27272,2007,6,11,D205,AaQvNGusQS1aSCzKS
S278,83019,2007,9,14,D119,yZF93IjS9atruzccb
S279,337265,2014,6,19,D277,vvsaV8259X6hpmEMr
S280,385235,2000,9,16,D269,j3pre1AZ0UvOuUMC3
S281,420485,2008,4,18,D15,6UbDofs96ekLdes2u
S282,329321,2012,9,14,D34,tLXtxIrYdiA6d1soq
S283,323342,2010,2,12,D443,bnyMMXiYXpuU5RxO5
S284,252661,2000,6,5,D327,O8cWfdQEBTJKJNX8p
S285,36709,2008,5,15,D244,Q987SsxWDQln9jf3P
S286,384332,2002,10,15,D153,chkCQ9ZfWnySsSC84
S287,341832,2007,5,28,D53,UirdMdNoV0aDfq8cH
S288,244105,2020,10,25,D212,mQvGFTKDc99L8dlq6
S289,295026,2004,1,24,D165,TTUc5xiwxKA23faxU
S290,16198,2014,2,23,D410,YA7pEyISA2EkRftHr
S291,182922,2011,10,25,D172,AViJfzKXJImUFk0JU
S292,412692,2003,2,14,D159,WYWt446vWvZjFG2Yq
S293,388390,2015,1,20,D398,rWG2gwFUBHPlQtJYE
S294,484767,2007,1,22,D222,DF2dBNlO17axCCexT
S295,177842,2003,4,29,D156,E1M9aeMUejYVRB1bD
S296,446424,2002,2,19,D415,o1R6sEnaoeC97xS3G
S297,278541,2017,12,30,D467,9HNqZYX63hC1gFyX5
S298,147439,2000,8,16,D141,6s6GEIM3i2VvlF77t
S299,338172,2008,1,25,D68,ZgXSKJQuGuuoBLwxo
S300,4734,2004,9,27,D184,twxgc3TOhM1QbT5Gg
S301,142442,2008,12,2,D477,MtWQ2AjblD8z0FDl2
S302,338593,2017,1,27,D63,dKJnzaqVxiKyRqXaF
S303,15108,2016,11,23,D9,04sVpxWXmWsRjOn1W
S304,83990,2011,10,6,D6,5ijtV5gNKdGg2FXsG
S305,398323,2009,1,30,D375,5RjcZblxCPVBg3GV8
S306,491037,2005,3,14,D55,SwYGDGvrIqqjVLJnf
S307,411961,2016,1,11,D470,7KqrnqfljH5trAEVP
S308,470484,2010,8,11,D482,fIOf1Un24s5ar7pTa
S309,156145,2009,6,18,D24,dG3l1aHHKXWLGjzOJ
S310,212905,2009,9,19,D143,KAF3kakB7hcTtdBAg
S311,239897,2020,1,9,D293,UnCtnVRQAwS7ztjSV
S312,348842,2009,6,26,D413,gGqrK3LKh62u1gXh5
S313,184268,2009,10,15,D173,qIoOYVageXsDLkSI0
S314,342487,2020,4,23,D350,urudu5rY1VnU59QHb
S315,377659,2009,5,23,D46,al7SIu8qDHHtaxobC
S316,220239,2012,5,23,D263,rNsmdcC80cHnLHGI3
S317,366476,2019,1,10,D10,UopSqfC54vbkJFGty
S318,474983,2013,9,2,D414,UC6qlYMGrqvf4SIy5
S319,389208,2015,3,27,D379,xpJ16mXleaJnt4G8M
S320,453899,2010,2,5,D80,QXPt5NuCcUFuZuIcy
S321,456881,2001,9,18,D51,Ike4yIltx18b6ScdG
S322,236141,2011,4,3,D126,d27ZhnFPhaO12Taps
S323,224101,2013,2,2,D47,1zqemXnGb4yXTmNP1
S324,186384,2008,11,28,D362,wxLJdbwU8fi4u6rfz
S325,22398,2011,7,18,D497,1RfLStrawZf8po0Ab
S326,202670,2019,12,29,D261,DNuBROoqqD8F1Voee
S327,227074,2005,8,20,D349,yY26w22TH7VKlZBOp
S328,453562,2014,10,9,D480,CMp5WihOakBl9hTY5
S329,432452,2015,7,21,D486,QiWlaupAOki2IR6Td
S330,145077,2014,9,6,D351,kWUUIjTWamhunlhwg
S331,458298,2015,7,25,D390,v1OYEWcsDS0G0TigX
S332,85478,2011,9,27,D11,WOhciZl9yNH3Zy8V3
S333,399604,2005,3,2,D376,sUsUuNxDUTsok6vx7
S334,435742,2014,11,11,D131,eavshoZOsM5RYVdcU
S335,362947,2009,8,28,D106,UkFIgP7JroSJ56iCE
S336,370508,2002,10,12,D249,5QWcMdADw51pujIGF
S337,144654,2015,2,20,D487,Rhb3OGqsczqUOX2Vy
S338,466956,2016,4,22,D496,tCyF5yhzr5caDUUCp
S339,18063,2004,3,25,D113,1bkyFkgOfa7eOxlHT
S340,218746,2000,8,11,D150,rMswX4xvXf4LiedvM
S341,357651,2003,12,29,D393,iIgbBAQQJZclcic1F
S342,55485,2010,8,19,D103,zCel5VIZblVxblxRJ
S343,20528,2005,2,10,D301,zyLIywLGYrYDTbkEy
S344,94210,2015,10,2,D100,uYglkmXRRus0gBQ9X
S345,85846,2014,8,20,D217,Kj2sUUcvVIs812mOJ
S346,365859,2010,1,2,D296,Zst34ljxiaU24w5lQ
S347,491045,2004,5,3,D262,cYq0VTj9NhtrtUAw9
S348,268636,2002,11,19,D108,JwEG3Zh9YYkT6CV31
S349,179935,2018,12,5,D2,mIfCLGf6AHZ7x9OC7
S350,243304,2015,11,18,D339,3HhbCEOrikGwJVT2c
S351,387317,2016,2,16,D25,wZCn3yNqhDehjaEtu
S352,277826,2005,10,11,D85,hm1AzznLSGXQ8PWSg
S353,488236,2008,10,24,D322,hklIQPud6f9rjbnvk
S354,21037,2011,3,20,D230,llnidrrQHm5iHjC6r
S355,219838,2010,1,27,D365,EL5ylALrKuoO7FxdD
S356,85558,2005,8,16,D219,q1xN4eQQ1GEs9uVNs
S357,233708,2020,2,12,D468,1PmY2CfABDaGLs9y9
S358,147681,2002,12,20,D89,SuLt2kL3IpLZG4pCq
S359,82499,2013,6,25,D140,zXPEaCt3IyLANHkyv
S360,283415,2014,12,21,D121,0qa8JZO78dQlkqe5R
S361,264788,2003,12,18,D163,XtfPEyOzeoFsUTSmv
S362,96990,2008,9,20,D60,xRsUIFGC66cLuEqIS
S363,91188,2014,3,28,D304,K4Cs5r6yAVVEFDOnf
S364,92461,2005,4,8,D354,8lsmkzWvOJ9zOUrbH
S365,269385,2007,1,22,D128,ph1b3E4y2GDszGCDi
S366,258547,2020,2,25,D88,Gv3wmBAYqF4LRc9Rl
S367,95179,2018,4,31,D221,2uV61eVE6MGtha2BG
S368,187385,2005,10,21,D300,QhZ7gFOzcnFbALBy2
S369,368303,2003,5,1,D237,nOv1r1214xS8sCO4Q
S370,103702,2016,3,19,D82,abdEPoxhOxJmVQKqZ
S371,259622,2007,2,4,D197,mlKAgAD9u44fLQXXQ
S372,324505,2007,5,5,D49,mrcIXtS9O3BQZI1Ba
S373,285217,2006,10,23,D272,25q2ltn0GBtZw9TkR
S374,177300,2017,1,26,D114,5rKkKewyKmUoKUjWC
S375,449594,2008,1,12,D254,AHJm0M5nALuE7AS6p
S376,325129,2015,3,22,D412,0CnpEgCH2YgeQXaXx
S377,305873,2013,10,15,D281,NfqubBcJeqX4al4b5
S378,30180,2017,2,12,D185,Wq6K3BZ5z6Osh9D46
S379,372958,2013,12,16,D280,PdWjHMy0vYnbWHiu7
S380,360813,2015,5,29,D418,BwtTtjjbmpldpcpWI
S381,73753,2001,11,30,D430,HNhaZ51t783lFX25Z
S382,85466,2012,4,7,D233,R3mq9VgEWfUJ7Y6hn
S383,308452,2002,12,30,D71,vH6PROuBTcVx2BhVp
S384,247080,2011,7,27,D438,ib5NZTgmA5YFS0Rzv
S385,161163,2020,2,11,D251,qo9bLqxnS429u7NtI
S386,50287,2010,7,7,D405,L6hL2nrEn7W4kBVvR
S387,335330,2019,4,1,D175,GU5cbIbTjsznECUah
S388,440846,2003,9,15,D311,ZMXTOou9zJ2NNMFAQ
S389,394681,2005,3,15,D469,nfVnBmZv0mOLn4ebS
S390,338989,2016,6,5,D361,A0IqX8Lj3HnyJcaPh
S391,168068,2017,8,4,D424,5nHOjzH8fQL8jbjlL
S392,61008,2006,4,13,D404,vZ6aPAhPpttGkyHSt
S393,414990,2002,7,1,D50,9qdJFRLH4NDYcoFWQ
S394,482281,2008,9,1,D385,e8MpaK7T6m8u3j84q
S395,149824,2018,9,27,D463,MmX4IpZ8UpzYI6IgQ
S396,118865,2008,9,16,D360,5CLWMV54pY4Re28b5
S397,107079,2019,6,11,D39,s3eDh9iqI19TXqCpr
S398,224129,2020,8,26,D368,HtTo1SghDsEypXDFy
S399,322228,2013,1,24,D268,m42vHNV4T2LSvDzh6
S400,241563,2000,6,7,D341,Dhb0oV2OfTSa82EUx
S401,292540,2007,8,28,D162,yU3hr8HM7iL13aqyO
S402,488425,2000,7,5,D386,PYcqwqcMC2QQpVoQG
S403,246934,2013,4,14,D216,djpnifc97pZjkrelk
S404,100787,2010,7,29,D494,a3SoQBJ4TZH9Zg8jq
S405,95028,2007,6,24,D319,6lesLxtcrVnyy0bC7
S406,254438,2007,6,13,D323,AZ6deCHgChDyoIAz1
S407,79112,2004,7,19,D308,wvZu5WXFXHpxUWZZ4
S408,491619,2011,9,4,D275,dYx6GZ4ByGHbwxgh3
S409,453212,2009,1,3,D117,TKRu6lrHH4xLUnJEj
S410,210948,2002,2,11,D399,YhfwxHqBhH3OLHAGr
S411,291501,2018,2,28,D72,OEPOmKO04eau0obwR
S412,310625,2015,3,17,D347,o6KW3w1QYd6roQlWd
S413,419755,2010,11,9,D394,2Mb0EPUpG4asVLOU1
S414,401287,2009,10,5,D247,0KP5puABdadcdRQqZ
S415,389579,2016,9,8,D190,Pf5X7xKSFjLFCncs1
S416,238168,2005,6,15,D457,siCR4ZrUqaNmOqiGq
S417,146788,2008,9,28,D62,Zmv3oPbc1AiRg2aGl
S418,422807,2017,11,13,D256,J4Lyo5JZgKTIaxW2w
S419,95218,2016,3,4,D138,W6XAPA5qxJvHwmBdL
S420,160027,2007,1,26,D434,0MeXPPhGt2YizjAG3
S421,65462,2018,11,18,D94,Swp15lKxDUKTEgFsp
S422,16127,2004,10,1,D356,lj6XB00MHsxN5yY1N
S423,105686,2019,12,4,D452,4BKvymv9mxJjWU5nc
S424,139353,2014,10,19,D297,jL8LipKUDGv0ZffQZ
S425,248737,2016,3,8,D200,Ga1VWwV2B2XlENO9J
S426,11278,2000,3,16,D70,0hXo2mrJCD7unFwEv
S427,51152,2008,10,8,D201,HVurm8vGVfuHX1kfN
S428,5526,2009,4,7,D391,o5jstYWGn25KchcI7
S429,49333,2001,9,7,D388,azZmIhfWUOj5tjC4T
S430,231115,2019,7,31,D83,hKUSFxbHC320P7h6H
S431,172778,2006,9,29,D104,O0acZOWcWdPsZmlNt
S432,59407,2002,5,22,D135,EEgjfnwLrlhd82ZaL
S433,338464,2019,11,23,D271,JjLSXbJAr4Sb2JxGk
S434,27658,2015,3,31,D499,ISb5gghh2GxRlbYnV
S435,129800,2001,9,31,D431,sOne9so9X2JJj4BJ2
S436,282563,2020,3,14,D295,SayIxwrepJBXZeNCD
S437,105823,2015,3,15,D371,nJfLgnsMW7A98tfkB
S438,232677,2007,12,14,D451,DsvY7vjpSNE6xIDjW
S439,133506,2002,8,29,D30,jCU4uZWjDGnbhF5rI
S440,403438,2001,1,27,D380,gZXFWAcwejoNfy3wi
S441,86835,2008,8,7,D353,UhBnN9TnKnPa8d894
S442,488548,2014,11,4,D246,LkWlT306d99ljCXIY
S443,236114,2020,9,8,D8,4TUVKiDDHZrRt8ZnT
S444,490381,2004,8,23,D195,QCcfkhv7iAiRLqcqe
S445,22145,2005,4,14,D144,0DmvBfDuYFUcn7jiu
S446,168186,2019,11,22,D211,p3t9B5rUTi2JHOyIb
S447,297755,2003,8,28,D241,hwwvnH3lIwqv90zU4
S448,461888,2018,5,22,D344,ZjrCOzW2ttz318wJm
S449,37893,2000,5,11,D309,q2jnCBMOdY8vyTTMA
S450,349732,2010,1,16,D498,SyZH9KagB4ewdPBz7
S451,289326,2016,6,20,D146,27qD0pdeJwXe7hgRi
S452,178622,2005,12,23,D226,GclRIFZC0n1iZrrBP
S453,449766,2016,12,6,D32,RtZI7BrxWqBMa15ga
S454,43218,2007,10,22,D352,Z3vJ9DYckOZwCVcsK
S455,138673,2012,6,26,D19,MtxD7Y6XJyTgMjzqH
S456,376591,2006,5,15,D292,9MBHYUcN1cMnxJF6U
S457,354425,2015,6,12,D35,2C6EM01i2vzr9IR8z
S458,303927,2000,6,24,D485,THE1KsKPPzx9RpeFC
S459,153740,2018,11,30,D466,hlQaiQmZlhuQSvoNN
S460,264744,2008,10,16,D284,DtKrgoAdXvzNqD8Uj
S461,448033,2018,4,5,D16,GPFm9CNfsgnzmZrlt
S462,97663,2012,11,12,D462,EsBHlroyUAiKxab24
S463,493927,2000,9,5,D307,oa2RzoBuiNiw1Iyec
S464,118908,2013,12,24,D110,ZWE6yhrJTn8wANKDu
S465,282150,2016,1,11,D198,mZPz5ukfmKr9OljG8
S466,247108,2005,7,13,D193,u5UjqSXstU3XHVqF1
S467,124847,2015,6,12,D152,XaO5ZI9jbUUAqstzg
S468,479606,2007,5,1,D132,V6qGugGaFYynSIt7r
S469,412628,2014,7,22,D228,GMwt1wWzxs4yEoFDX
S470,175623,2010,8,23,D181,9BDYiHogwRNrXKTlV
S471,404413,2007,5,19,D58,AePpxmeHK1j1PNJC7
S472,155815,2005,2,28,D348,cx0TVtFncV1HmDWG1
S473,215634,2016,10,25,D40,LfqYXPC8ipkSA8WmH
S474,19022,2010,11,13,D435,2Lzg41N29AH4Rcooh
S475,132765,2019,8,26,D282,T5wwxQWTmp1Y2r4oR
S476,494872,2005,9,6,D136,l2DHNJWAJvap3PMW2
S477,63407,2003,4,4,D207,mvFeDvzKfa9iZqYKH
S478,1169,2020,7,17,D209,3AtG1kKhL8G0rqNP2
S479,10511,2001,7,1,D440,QAbCjSnmPuojAYhNs
S480,359774,2008,12,16,D387,s2kstfeQldvdA2EIl
S481,355997,2014,6,3,D93,7O5GNdsiUjiKSQnPe
S482,366260,2019,5,6,D250,8WQQOXfgoyHJFTuy7
S483,104481,2014,8,14,D189,Aes1KhSlGkNjGLVO0
S484,9234,2017,4,2,D336,FBwtYY6NAEBCOw7Pw
S485,364399,2013,11,2,D176,c9fYmaXg5OfbFP9ND
S486,429531,2006,10,6,D3,ibwXEyLfvGUyacqky
S487,413130,2002,12,29,D473,hlpHaAxNuv9gYm2nj
S488,135089,2008,4,27,D288,3jQzVEpVY7BRp7oe8
S489,187260,2007,1,16,D483,QAgVxtyKbD5cZexr0
S490,384688,2020,12,16,D180,dmD2q8K1vgFBySlXi
S491,102649,2016,5,9,D439,4DqMTuP7zcDJl7OSJ
S492,52675,2014,5,30,D454,QLqEaUwghrlbLp830
S493,161705,2000,11,27,D155,YKZq6k9cudGI1md2X
S494,268108,2010,5,22,D151,MfmipV7FMGIEcv93L
S495,69547,2018,1,6,D260,hTv7mffVHaUXdpiy2
S496,127274,2019,6,6,D474,KWhlv0Vgo3gmBDuNi
S497,302967,2005,8,20,D274,gdTO5Rx0VdAgArPtf
S498,152304,2010,7,7,D43,QBzJyTiX3A4FA24M7
S499,71643,2010,8,2,D48,95EAtiqcay9OngQiS
